site_id,model,blend_weight,calibration_intercept,calibration_slope,mae_kw,rmse_kw,mean_error_kw,wape_pct,smape_pct,mape_pct,nrmse_by_median_pct,nrmse_by_peak_pct,peak_precision,peak_recall,peak_f1,peak_false_negative_count,peak_false_positive_count,peak_capture_rate_at_k,md_peak_rank,peak_time_error_intervals,md_abs_error_kw
1. Load Profile (With Solar Installed) SoL,enhanced,0.65,-0.018017061634796595,1.0283586873691235,31.826629006179143,38.81297502116081,-22.314225910134912,4.251344666044968,4.140467828712862,4.072036748694047,5.695227442576788,4.160018758966861,0.6,0.6,0.6,2.0,0.0,0.4,12.0,4.0,40.024891881562326
2. Load Profile (No Solar) E,enhanced,0.3,0.010959948519415886,1.0052895385262808,129.03829892685687,141.18435091160825,6.9836051423330785,18.198437927101892,18.520131377916584,18.831594207788797,20.22698437129058,15.346125099087853,0.6,0.6,0.6,2.0,4.0,0.0,27.0,31.0,3.878334973477422
3. Load Profile (No Solar) SuN,enhanced,0.48,-0.05867013199022875,0.9980311106797184,46.303721775477335,67.93100408293319,42.38842194976829,50.99366479473301,33.18388804069434,52.102369566840835,112.79097513344138,45.30321634272413,0.2,0.2,0.20000000000000004,4.0,4.0,0.0,10.0,8.0,112.61527788804361
4. Load Profile (With Solar) Mi2,enhanced,0.2,0.0323134421747948,0.9,103.48288268116774,135.12882548820218,14.78683796130404,10.127384689575411,10.848326477921216,11.763955575332046,12.961997648748412,9.68665415686037,0.2,0.2,0.20000000000000004,4.0,4.0,0.0,17.0,31.0,83.23971729550067
